-- phpMyAdmin SQL Dump
-- version 4.6.4
-- https://www.phpmyadmin.net/
--
-- Host: 127.0.0.1
-- Generation Time: Apr 08, 2019 at 02:56 PM
-- Server version: 5.7.14
-- PHP Version: 5.6.25

SET SQL_MODE = "NO_AUTO_VALUE_ON_ZERO";
SET time_zone = "+00:00";


/*!40101 SET @OLD_CHARACTER_SET_CLIENT=@@CHARACTER_SET_CLIENT */;
/*!40101 SET @OLD_CHARACTER_SET_RESULTS=@@CHARACTER_SET_RESULTS */;
/*!40101 SET @OLD_COLLATION_CONNECTION=@@COLLATION_CONNECTION */;
/*!40101 SET NAMES utf8mb4 */;

--
-- Database: `rodepanda`
--

-- --------------------------------------------------------

--
-- Table structure for table `categories`
--

CREATE TABLE `categories` (
  `id` int(11) NOT NULL,
  `name` varchar(255) NOT NULL,
  `content` text CHARACTER SET utf8 NOT NULL,
  `background` text NOT NULL
) ENGINE=MyISAM DEFAULT CHARSET=latin1;

--
-- Dumping data for table `categories`
--

INSERT INTO `categories` (`id`, `name`, `content`, `background`) VALUES
(1, 'Schrijven', '<p>Ik schrijf voor vele verschillende doeleinden: zakelijke teksten, jeugdromans, prentenboeken, websites, et cetera. Hieronder vindt u alle subcategorieën die te maken hebben met mijn schrijfwerk.</p>', '<p>Schrijven was mijn allereerste hobby, gecombineerd met lezen natuurlijk. Ik was die jongen die op z\'n zevende alle boeken van Narnia had gelezen en op z\'n negende vroeg of we niet die encyclopedie konden kopen.</p><p>Jarenlang twijfelde ik of schrijven wel iets voor mij was. Op de achtergrond bleef ik schrijven en lezen, maar ik zag het nooit als serieuze toekomstmogelijkheid.</p><p>Totdat ik een paar verhalen had die ik héél graag wilde vertellen. Boodschappen waarvan ik voelde dat ik ze moest overdragen. Ik begon het serieus te nemen en schreef meer dan ooit, onder andere voor een eigen blog en eigen boeken. En nu zijn we hier.</p>'),
(2, 'Muziek', '<p>Ik schrijf heel veel muziek, voor vele doeleinden. Zo hou ik van akoestische singer-songwriter muziek, maar schrijf ook musicalmuziek, achtergrondmuziek voor spelletjes, et cetera.</p>\r\n<p>Daarnaast kan ik muziek mixen en uitvoeren, hoewel dat vanwege gezondheidsproblemen tijdelijk minder goed gaat. Hieronder vindt u alle subcategorieën omtrent mijn muzikale activiteiten.</p>', '<p>Bij mij thuis was er één regel: iedereen moet op z\'n zevende op muziekles. Met grote tegenzin liep ik als jochie door de muziekwinkel en koos uiteindelijk "gitaar" als instrument. Sinds die ene dag heb ik de gitaar nooit meer neergelegd.</p><p>Sterker nog, ik besloot op eigen houtje de piano te leren. En de banjo. En drums. Mondharmonica en cajon? Ja, ook hartstikke nodig.</p><p>Na jarenlang andermans nummers spelen begon ik zelf te schrijven, en sinds de poorten openstaan druppelen dagelijks liedjes mijn hoofd in.</p>'),
(3, 'Ontwerpen', '<p>Ik ben ontwerper in de meest algemene zin van het woord. Ik gebruik het voor vele doeleinden (grafisch ontwerpen, website ontwerpen, spellen ontwerpen, etc.) en ben altijd bereid om iets nieuws te proberen.</p><p>Hieronder vindt u alle subcategorieën die te maken hebben met (grafisch) ontwerpen.</p>', '<p>Vroeger tekende ik altijd landkaarten van zelfverzonnen werelden. Na een tijdje was ik er heel goed in geworden, en waande ik mezelf een ware artiest, tot mijn lerares voor "beeldende vorming" mij de grond in boorde. Ze had gelijk: ik kon niks anders dan landkaarten tekenen.</p><p>Ik begon boeken te lezen over grafisch ontwerp, te oefenen met schetsen, te kijken naar de kleuren en vormen in de wereld om me heen. Ik zou nu met een gerust hart naar die docente terug kunnen stappen en zeggen: "ha, nu heb ik wél een vaste hand! (Maar ik teken nog steeds niet altijd binnen de lijntjes.)"</p>'),
(4, 'Programmeren', '<p>Al van jongs af aan verwonderde ik mij over wat je een computer allemaal kan laten doen. Ik heb zodoende tien jaar ervaring opgebouwd in vele verschillende vakgebieden en programmeertalen. Hieronder vindt u een overzicht van alle subcategorieën die met programmeren te maken hebben.</p>', '<p>Toen ik 13 was gingen we met het gezin enkele dagen op bezoek bij oma. Mijn broer had het internetwachtwoord ontrafeld en begon spelletjes te spelen. Ik stond erachter en keek vol verwondering mee.</p><p>Dat wil ik ook kunnen! Diezelfde avond nog heb ik tot 12 uur \'s nachts handleidingen gelezen over programmeren.</p><p>Vanaf dat moment besteedde ik een aanzienlijk deel van mijn leven aan websites bouwen en computerspelletjes ontwerpen. Het gebeurde niet zonder slag of stoot, maar langzamerhand kreeg ik steeds meer grip op die onvoorspelbare computer.</p><p>Inmiddels heb ik heel veel verschillende programmeertalen geprobeerd, voor spellen, websites, wiskundige simulaties, en meer.</p>'),
(5, 'Over Mij', '<p>Aha, u wilt meer weten over mij. Verdacht. Héél verdacht.</p><p>Goed dan. Ik ben Tiamo Pastoor, freelance kunstenaar onder de naam "Rode Panda".</p><p>Op de homepage van de website staat dat ik u graag help met mooie projecten maken. Eigenlijk is dat een hele goede opsomming van mijn gedachtegoed. Ik ben al van jongs af aan met allerlei kunsten bezig, omdat ik constant op zoek ben naar iets moois. Iets wat mensen raakt en inspireert, en het liefst tegelijkertijd ook nog praktisch nut heeft.</p><p>(Als mensen er plezier uithalen of hard om kunnen lachen, geef ik mezelf al helemaal bonuspunten.)</p>', '<p>Ik vind het altijd lastig om iets over mezelf te vertellen. Hoe weet ik nou welke delen van mijn leven interessant zijn? Wat is nou relevant voor andere mensen?</p>\r\n<p>Zo ben ik bijvoorbeeld geboren in Gelderland, maar sindsdien vaak verhuisd. Is dat interessant? Het heeft veel invloed gehad op mijn persoonlijkheid, aangezien ik met veel verschillende plekken, mensen en culturen in aanraking kwam.</p>\r\n<p>Ook ben ik de zoon van een theaterdirecteur. Is dat leuk om te weten? Het verklaart in ieder geval mijn liefde voor de kunsten, theater, en musicalmuziek.</p>\r\n<p>Daarnaast heb ik al tien jaar lang heftige gezondheidsproblemen. Dat lijkt me best essentieel om te weten. Daardoor heeft mijn leven er altijd heel anders uitgezien dan dat van anderen. Daardoor ben ik een freelance kunstenaar geworden die in z\'n vrije tijd tegen iedereen zegt: "gezondheid is véél belangrijker dan school"</p>\r\n<p>Ik denk dat mensen veel meer worden gedefinieerd door hun acties. Daarom raad ik u aan om mijn werk te bekijken en de pagina\'s "mijn filosofie" en "mijn werkwijze" te lezen. Dan krijgt u denk ik het beste beeld van mij.</p>');

-- --------------------------------------------------------

--
-- Table structure for table `category_links`
--

CREATE TABLE `category_links` (
  `project_id` int(11) NOT NULL,
  `subcat_id` int(11) NOT NULL
) ENGINE=MyISAM DEFAULT CHARSET=latin1;

--
-- Dumping data for table `category_links`
--

INSERT INTO `category_links` (`project_id`, `subcat_id`) VALUES
(1, 2),
(2, 2),
(3, 2),
(4, 4),
(5, 5),
(6, 4),
(7, 1),
(7, 3),
(4, 9),
(8, 8),
(9, 2),
(10, 15),
(11, 15),
(13, 1),
(14, 3),
(15, 4),
(16, 5),
(17, 7),
(18, 8),
(19, 9),
(10, 18),
(20, 16),
(5, 16),
(21, 16),
(21, 23),
(22, 23),
(23, 1),
(23, 16),
(24, 17),
(25, 19),
(26, 20),
(11, 18),
(1, 15),
(1, 18),
(27, 15),
(27, 18),
(28, 23),
(5, 20),
(29, 16),
(29, 17),
(29, 20),
(30, 16),
(30, 17),
(30, 20),
(31, 23),
(32, 23),
(33, 23),
(34, 15),
(34, 18),
(34, 19),
(1, 19),
(36, 1),
(37, 1),
(38, 1),
(39, 8),
(40, 8),
(41, 7),
(42, 7);

-- --------------------------------------------------------

--
-- Table structure for table `projects`
--

CREATE TABLE `projects` (
  `id` int(11) NOT NULL,
  `name` varchar(255) NOT NULL,
  `content` text NOT NULL,
  `type` int(1) NOT NULL,
  `header_image` varchar(255) NOT NULL
) ENGINE=MyISAM DEFAULT CHARSET=latin1;

--
-- Dumping data for table `projects`
--

INSERT INTO `projects` (`id`, `name`, `content`, `type`, `header_image`) VALUES
(1, 'Pandaqi Tutorials', '<p>Ik ben altijd een duizendpoot geweest: iemand die alles wilde leren en doen. Naarmate ik ouder werd, kreeg ik ook steeds meer de behoefte om anderen te leren wat ik wist. Om anderen te helpen met bepaalde vaardigheden of problemen.</p>\r\n<p>Om dit te bereiken richtte ik in 2015 een website op: <a href="http://pandaqi.com">Pandaqi</a>.</p>\r\n<p>Deze hele website had ik speciaal ontworpen om zo goed mogelijk "tutorials" weer te geven.</p>\r\n<p>Ik heb een diepgaand artikel geschreven over het ontwikkelen van de website (en de bijbehorende stijl): <a href="http://nietdathetuitmaakt.nl/gewoon-een-gedachte/het-ontstaan-van-pandaqi/">Het ontstaan van Pandaqi</a></p>\r\n<p>Op dit moment staan er een stuk of 30 volledige "courses" op die elk tussen de 5 en 30 individuele artikelen bevatten. Ik moet toegeven, echter, dat de eerste paar courses die ik maakte niet van de hoogste kwaliteit zijn.</p>\r\n<p>Het plan was altijd om deze te verbeteren, en nog veel meer tutorials op de website te zetten, maar er kwam jammer genoeg iets tussendoor. (Dat iets heet "hevige gezondheidsproblemen".) Desondanks ben ik trots op de website en de huidige inhoud!</p>', 0, 'pandaqi.png'),
(2, 'Godot Boek', '<p>Op een dag werd ik benaderd met de vraag of ik mee wilde schrijven aan een officieel boek over spelletjes programmeren. Ze hadden me gevonden via enkele kleine spelletjes die ik online had gezet. Natuurlijk wilde ik meeschrijven!</p>\r\n<p>Uiteindelijk heb ik een handvol Engelse hoofdstukken geschreven voor het boek <a href="https://books.google.nl/books?id=3gBRDwAAQBAJ&lpg=PT182&dq=game%20development%20shape%20casting&hl=nl&pg=PT19#v=onepage&q&f=false">"Teach Yourself Godot in 24 Hours"</a>.</p>\r\n<p>Mijn naam staat niet op de voorpagina, omdat andere medeschrijvers een véél grotere naam hadden in de spellenwereld. Als je even in het boek kijkt, zie je dat ik heb meegeschreven.</p>', 1, 'godot_book.jpg'),
(3, 'Marie Louise Photography', '<p>Een studiegenote van mij vroeg op een dag of iemand verstand had van Wordpress. Ik zei dat ik daar verdraaid veel verstand van had. Voor ik het wist had ik een baan om de website van een professionele fotografe bij te werken.</p><p>Dit is de website in kwestie: <a href="http://marielouisephotography.com/">Marie Louise Photography</a></p><p>Ik ben niet de enige die aan de website heeft gewerkt: het ontwerp is van iemand anders en sommige onderdelen zijn nog helemaal van haarzelf. Desondanks heb ik met deze baan veel geleerd en gaf het mij genoeg vertrouwen om een eigen bedrijfje te beginnen.</p>', 1, 'marie_louise_photography.png'),
(4, 'Kapers van de Eenzame Kust', '<p>Ik ben altijd ontevreden geweest over de kwaliteit van "groep 8 musicals" (of "afscheidsmusicals"). Het is al geweldig dat we in Nederland deze traditie hebben, maar ik vond dat er meer te halen viel. Met die gedachte in het achterhoofd begon ik mijn eigen afscheidsmusical te schrijven.</p><p>Binnen de kortste keren wist ik waar het over ging: opgroeien en eenzaamheid. Twee leerlingen ontdekken het bestaan van "de kapers", een groep kinderen die nooit opgroeit, en besluiten daar naartoe te gaan. Wat volgt is een spannend, grappig en emotioneel verhaal.</p><p>Terwijl ik dit stuk schreef, ontdekte ik dat de muziek en de thema\'s niet beperkt hoefden te blijven tot een afscheidsmusical. Ik heb daarom ook twee versies van de musical gemaakt: afscheidsmusical en algemene familiemusical.</p><p>Meer informatie&mdash;waaronder het script en de bladmuziek&mdash;is te vinden op deze link: <a href="#">HIER KOMT EEN LINK</a></p>', 0, ''),
(5, 'De Kat van Sinterklaas', '<p>"De Kat van Sinterklaas" is mijn allereerste prentenboek, uitgegeven in eigen beheer bij Brave New Books.</p><p>Het was origineel een groot cadeau voor mijn zusje, maar toen ik het aan mensen liet zien zei iedereen: "dit moet je uitgeven man!" Dus toen heb ik het netjes afgemaakt en uitgegeven.</p><p>Meer informatie is te vinden op deze link: <a href="http://nietdathetuitmaakt.nl/boek-de-kat-van-sinterklaas/">[Boek] De Kat van Sinterklaas</a></p>', 0, 'kat_van_sinterklaas.png'),
(6, 'De Laatste Trein', '<p>"De Laatste Trein" is een comedy, gecombineerd met een drama en een vleugje improvisatie. Ik schreef het stuk omdat ik daar zin in had, maar ook omdat een toneelgroep in mijn omgeving het misschien wilde uitvoeren.</p><p>Het stuk begint met de hoofdpersoon die op de trein stapt om de verdwijning van zijn partner op te lossen. Hij heeft van horen zeggen dat het in deze trein is gebeurd en dat de dader nog steeds elke dag dit traject neemt.</p><p>Aan het begin is er volop wantrouwen. Elk van zijn medereizigers kan de dader zijn.</p><p>Gedurende het stuk, echter, leren de reizigers elkaar steeds beter kennen. Ze leren waarom iedereen in deze trein zit, waar ze vandaan komen, en waar ze naartoe gaan. En uiteindelijk blijkt niets wat het lijkt ...</p><p>Meer informatie is te vinden op deze link: <a href="#">HIER KOMT EEN LINK</a></p>', 1, ''),
(7, 'Vluchtige Verhalen', '<p>Op mijn blog schrijf ik wel eens korte verhalen onder de categorie "vluchtige verhalen". Ook vind ik soms verhalen van vroeger terug, die ik (na een flinke edit) ook op het blog zet.</p><p>Je kunt al deze verhalen lezen op deze link: <a href="http://nietdathetuitmaakt.nl/category/vluchtig-verhaal/">Vluchtig Verhaal</a></p>', 0, ''),
(8, 'Composition in F Minor', '<p>"Composition in F Minor" was mijn allereerste instrumentale album. Ik had nog niet veel ervaring met muziek mixen, en als ik nu terugluister hoor ik mijn fouten en verbeterpunten. Desondanks vind ik het een mooi en divers album geworden!</p><p>Het album is vernoemd naar het eerste nummer, wat ik (en iedereen om mij heen) ook meteen het mooiste nummer vind. Het is ook een bijzonder nummer voor mij, aangezien ik het heb opgedragen aan mijn overleden broer.</p><p>Het hele album is te beluisteren op BandCamp: <a href="https://tiamo.bandcamp.com/album/composition-in-f-minor">Composition in F Minor</a>.</p><p>Voor meer details en achtergrondinformatie kunt u deze pagina bezoeken: <a href="http://nietdathetuitmaakt.nl/album-composition-in-f-minor/">[Album] Composition in F Minor</a></p>', 0, 'composition_in_f_minor.png'),
(9, 'Huur mij in', '<p>Wilt u mij inhuren? Dat kan! Stuur mij gerust een email met uw opdracht en uw voorwaarden.</p><h2>Mijn specialiteit</h2><p>Mijn specialiteit ligt in informatieve teksten, met als direct doel iemand iets te leren of ergens mee te helpen.</p><h2>Mijn werkwijze</h2><p>Mijn werkwijze is als volgt:</p><ul><li>Ik doe extensief onderzoek naar het onderwerp en hoe ik dit het beste kan aanpakken.</li><li>Ik schrijf razendsnel een eerste versie</li><li>Ik neem een paar dagen (of soms weken) afstand van de tekst, zodat ik nieuwe ideeën kan genereren en er later met een frisse blik naar kan kijken</li><li>Zodoende ga ik door 3&ndash;5 revisies heen voordat de tekst af is.</li></ul><p>Bij elke stap gedurende het proces houdt ik u natuurlijk op de hoogte.</p>', 2, ''),
(14, 'Huur mij in', '<p>Ik heb tot nog toe alleen maar verhalen geschreven als eigen project. Dit doe ik ook het liefst: zelf iets nieuws bedenken en dan uitvoeren. Desalniettemin sta ik open voor aanbiedingen voor schrijfwerk in de wereld van de fictie.</p>', 2, ''),
(11, 'Chiara Pastoor', '<p>Mijn zus is ook kunstenaar. Ik heb haar website (en vooral portfolio) ontworpen.</p><p>De website is: <a href="http://chiarapastoor.com">Chiara Pastoor</a></p><p>Natuurlijk heb ik dit niet officieel of voor geld gedaan. Als je een website nodig hebt, en je kleine broertje kan websites ontwerpen, dan is dat probleem snel opgelost :p Het ontwerp zelf is helemaal haar idee; ik heb slechts de codes geschreven.</p>', 1, 'chiara_pastoor.png'),
(10, 'Huur mij in', '<p>Wilt u mij inhuren? Dat kan! Stuur mij gerust een email met uw opdracht en uw voorwaarden.</p><h2>Mijn specialiteit</h2><p>Ik specialiseer in twee soorten websites:</p><ul><li>Een compleet unieke, van de grond af opgebouwde website.</li><li>Een WordPress website, waarvoor ik het ontwerp doe en eventueel functionaliteit toevoeg.</li></ul><p>De eerste optie is handig voor een relatief kleine website die weinig gaat veranderen. De tweede optie is ideaal voor een website met veel inhoud die vaak wordt geüpdatet (zoals een blog of nieuwsfeed).</p><h2>Mijn werkwijze</h2><p>Mijn werkwijze is als volgt:</p><ul><li>Ik maak een duidelijk overzicht van de structuur en functionaliteit van de website.</li><li>Ik bedenk 2&ndash;3 verschillende ontwerpen. U kiest uw favoriet.</li><li>Ik maak een prototype van de website en stuur deze op.</li><li>Als het prototype bevalt, zet ik het om in de daadwerkelijke website (door te programmeren, databases aan te maken, etc.)</li><li>Uiteindelijk komt hier een functionele website uit waar u hopelijk veel plezier van heeft!</li></ul><p><em>Wat is een prototype?</em> Een prototype is een reeks plaatjes van de belangrijkste pagina\'s van de website, opgevuld met "neptekst", die weergeven hoe het eindproduct eruit zal zien. Ik begin niet met programmeren voordat het prototype is goedgekeurd. Het is immers een verspilling van tijd als ik de website maak voordat ik het uiteindelijke ontwerp duidelijk heb.</p><h2>Belangrijke spelregels</h2><p>U mag dus volop meepraten en meebeslissen over de ontwerprichtingen en het prototype. Om vervelende situaties te voorkomen, echter, heb ik een limiet van drie revisies. Mijn ervaring leert dat klanten met het eerste of tweede prototype vaak al tevreden zijn.</p><p>(Minuscule aanpassingen of foutjes van mijzelf worden natuurlijk altijd rechtgezet, zelfs na een derde revisie.)</p>', 2, ''),
(13, 'Bordspellen', '<p>Ik maak al van jongs af aan mijn eigen spellen. Mijn allereerste creaties zijn natuurlijk even goed als een boek geschreven door een tweejarige, maar de laatste paar jaar weet ik spellen te maken die werken en leuk zijn!</p><p>Hier is een overzicht van alle spellen: <a href="http://nietdathetuitmaakt.nl/bordspellen/">Bordspellen</a></p><p>Ze staan op volgorde, wat meestal betekent dat de spellen helemaal onderaan de lijst het beste zijn.</p>', 0, ''),
(15, 'Huur mij in', '<p>Wilt u mij inhuren? Dat kan! Stuur mij gerust een email met uw opdracht en uw voorwaarden.</p>\r\n<h2>Mijn specialiteit</h2>\r\n<p>Mijn absolute voorkeur gaat uit naar musical of muziektheater. Ik schrijf het liefst verhalen voor alle leeftijden en met veel grappige momenten, die toch sterke personages en een diepere laag bevatten.</p><p>Daarnaast zoek ik naar dingen die je echt alleen in het theater zou kunnen doen, en niet in bijvoorbeeld een boek of film.</p>\r\n<h2>Mijn werkwijze</h2>\r\n<p>Een stuk schrijven voor het theater vraagt iets meer dan "reguliere" schrijfopdrachten.</p>\r\n<ul>\r\n<li>Eerst moet ik een goed beeld hebben van de limitaties. Hoeveel personen gaan er spelen? In welke zaal? Voor welk publiek? Hoeveel budget is er voor bijv. decor?</li>\r\n<li>Als dit duidelijk is, vraag ik of een specifieke stijl gewenst is. Zo kan het zijn dat u vooral rockmuziek wilt, of dat u geen hoofdrol wilt, maar iedere rol ongeveer evenveel tekst wilt geven.</li>\r\n<li>Als alles helder is, begin ik te schrijven. Dit gaat ongeveer hetzelfde als bij andere schrijfopdrachten: een snelle eerste versie, daarna een stuk of 3&ndash;5 revisies, elk met veel pauze ertussen om nieuwe inspiratie op te doen.</li>\r\n</ul>\r\n<p>Ik kom natuurlijk graag kijken tijdens het proces, want je weet pas of een stuk werkt als het in de praktijk wordt uitgevoerd. (Ik zal natuurlijk niet bij elke repetitie aanwezig zijn.)</p>\r\n<h2>Belangrijke spelregels</h2>\r\n<p>Als ik voor u een stuk schrijf, blijft het stuk mijn eigendom (ik heb Auteursrecht), maar krijgt u toestemming het te gebruiken.</p>\r\n<p>Als u geen winstoogmerk heeft, zoals bij een afscheidsmusical, zijn er verder geen kosten aan verbonden.</p>\r\n<p>Als u wel tracht winstgevend te zijn, bent u mij natuurlijk een laag bedrag aan royalty\'s verschuldigd (voor elke uitvoering).</p>', 2, ''),
(16, 'Huur mij in', '<p>Wilt u mij inhuren? Dat kan! Stuur mij gerust een email met uw opdracht en uw voorwaarden.</p>\r\n<h2>Mijn specialiteit</h2>\r\n<p>Eigenlijk bedoel ik met "prentenboek" elke boekvorm die meer inhoudt dan alleen woorden. Zo heb je keuzeverhalen, waarbij de lezer zelf mag kiezen op welke pagina hij verderleest.</p><p>Ik ben vooral geïnteresseerd in dit soort unieke prentenboeken, zeker als ze een wereld scheppen die veel verder gaat dan de woorden en tekeningen op de pagina\'s.</p><p>Oh ja, en het is geen prentenboek als het niet een beetje rijmt :p</p>\r\n<h2>Mijn werkwijze</h2>\r\n<p>Hieronder beschrijf ik mijn werkwijze als ik zowel de tekst als de plaatjes doe. Als ik slechts een van beide doe, kunt u de andere stappen natuurlijk negeren.</p>\r\n<p>Mijn werkwijze is als volgt:</p>\r\n<ul>\r\n<li>Ik schrijf eerst alle tekst. Ik doe wel onderzoek naar de stijl die ik wil, en waar in de tekst ik plaatjes wil, maar ik begin nog nergens aan. Eerst de tekst.</li>\r\n<li>Als het verhaal af is, laat ik dit lezen.</li>\r\n<li>Als de tekst wordt geaccepteerd, begin ik met de plaatjes. Gaandeweg zal de tekst nog wel een klein beetje veranderen, maar grote veranderingen zijn hopelijk uitgesloten.</li>\r\n<li>Eerst neem ik de tijd om de algemene stijl, opmaak, hiërarchie en personages van het prentenboek te ontwikkelen.</li>\r\n<li>Als ik deze duidelijk heb, kan ik alle plaatjes één voor één afwerken.</li>\r\n</ul>\r\n<p><em>Bijvoorbeeld:</em> Voor mijn boek "De Kat van Sinterklaas" heb ik eerst de gehele tekst geschreven. Daarna heb ik twee weken gezocht naar de juiste tekenstijl, lettertypes, paginagrootte, en visuele representatie van het hoofdpersonage. Toen ik dat wist, heb ik een maand gedaan over het tekenen van alle plaatjes.</p>', 2, ''),
(17, 'Huur mij in', '<p>Ik zal eerlijk zijn: ik heb nog nooit voor iemand anders (in opdracht) een nummer geschreven.</p>\r\n<p>Maar ik heb wél al bijna 100 nummers voor mezelf geschreven.<p><p>Ik ben er dan ook vrij zeker van dat ik u kan helpen aan een mooi nummer en/of mooie tekst. Stuur mij gerust een email en ik kijk wat ik voor u kan doen.</p>', 2, ''),
(18, 'Huur mij in', '<p>Wilt u mij inhuren? Dat kan! Stuur mij gerust een email met uw opdracht en uw voorwaarden.</p>\r\n<h2>Mijn specialiteit</h2>\r\n<p>Ik maak graag achtergrondmuziek voor film of computerspellen. Daarnaast maak ik akoestische instrumentale albums, met vooral piano of gitaar, die men wel aandachtig kan luisteren.</p>\r\n<p>Mijn muziek is een mengeling van vele stijlen. Ik kan het dan ook niet echt omschrijven: het beste is om te luisteren naar mijn huidige werk. Het beste wat ik kan zeggen is dat ik wat meer akoestisch en klassiek ben, in plaats van elektronisch of "poppy".</p>\r\n<h2>Mijn werkwijze</h2>\r\n<p>Mijn werkwijze is als volgt:</p>\r\n<ul>\r\n<li>Ik ga op zoek naar de beste manier om uw opdracht in te vullen. Welke stijl? Welke instrumenten? Welk doeleinde?</li>\r\n<li>Ik schrijf de muziek.</li>\r\n<li>Als ik een goed idee heb van het gehele werk, stuur ik een demo. Hoe deze eruitziet hangt af van het project. Het kan een verzameling bladmuziek zijn, het kan ook een ruwe opname zijn van de gitaar of piano.</li>\r\n<li>Als deze is geaccepteerd, ga ik de muziek officieel uitvoeren, mixen en afwerken. (Als u hiervoor iemand anders wilt inschakelen kan dat natuurlijk ook. Dan zorg ik dat diegene alles krijgt wat hij/zij nodig heeft.)</li>\r\n</ul>\r\n<h2>Belangrijke spelregels</h2>\r\n<p>Het kan natuurlijk voorkomen dat ik iets schrijf wat u compleet niet bevalt, omdat het bijv. een andere richting is dan u voor ogen had. In dat geval moet u dat eerlijk zeggen en zal ik iets compleet nieuws schrijven. Om vervelende situaties te voorkomen, echter, hanteer ik een limiet van 3 revisies.</p>', 2, ''),
(19, 'Huur mij in', '<p>Wilt u mij inhuren? Dat kan! Stuur mij gerust een email met uw opdracht en uw voorwaarden.</p>\r\n<h2>Mijn specialiteit</h2>\r\n<p>Mijn lievelingsmusicals zijn de wat meer "bijzondere" musicals. Zo heb ik prachtige herinneringen aan "Alleen op de Wereld" (en de muziek van "Scheepsjongens van de Bontekoe").</p><p>Recentelijk maakte "De Tweeling" indruk op mij. Ze durfden een serieus en gelaagd verhaal neer te zetten, terwijl de muziek ook mooi en lief bleef.</p><p>Ik probeer zelf musicals meer als muziektheater te zien. De muziek is er om de verhaallijn maar vooral de emoties naar een hoger niveau te tillen. De liedjes moeten geen krukken zijn die een matig stuk omhoog proberen te houden.</p>\r\n<h2>Mijn werkwijze</h2>\r\n<p>Mijn werkwijze is als volgt:</p>\r\n<ul>\r\n<li>Ik ontvang informatie van u over het stuk, zoals het thema, een script (als deze al bestaat), etc.</li>\r\n<li>Ik ga op zoek naar goede plekken voor nummers. Ook kijk ik wat voor soort nummers daar zouden passen. (U heeft hier natuurlijk ook grote inbreng in.)</li>\r\n<li>Als we zeker weten waar de nummers komen en wat ze ongeveer moeten voorstellen, begin ik met schrijven.</li>\r\n<li>Zo snel mogelijk krijgt u van mij een demo, in de vorm van bladmuziek voor elk nummer.</li>\r\n<li>Vervolgens zal het een aantal revisies kosten om deze bladmuziek te verfijnen en helemaal af te werken.</li>\r\n</ul>\r\n<p>Het is belangrijk op te merken dat ik géén orkestratie schrijf. Ik schrijf een nummer, inclusief melodie(ën) en achtergrond, voor enkele stemmen en instrumenten. Als u deze wilt uitbouwen voor een groter orkest, zult u daarbij iemand anders moeten inschakelen.</p>', 2, ''),
(20, 'Huur mij in', '<p>Wilt u mij inhuren? Dat kan! Stuur mij gerust een email met uw opdracht en uw voorwaarden.</p>\r\n<h2>Mijn specialiteit</h2>\r\n<p>Ik hou van simpele tekenvormen, wat doorgaans cartoons, abstracties of andere niet (extreem)realistische stijlen beslaat.</p><p>Door de veelzijdigheid van mijn projecten heb ik al veel verschillende stijlen en composities geprobeerd. Dit geeft mij het vertrouwen om voor elk project weer een compleet nieuwe, frisse visuele identiteit te zoeken.</p>\r\n<h2>Mijn werkwijze</h2>\r\n<p>Aangezien dit een vrij brede categorie is, kan ik geen hele concrete werkwijze overleggen.</p><p>Mijn <em>algemene</em> werkwijze is als volgt:</p>\r\n<ul>\r\n<li>Ik ga op zoek naar een stijl en techniek die past bij de opdracht.</li>\r\n<li>Ik maak de basiselementen. (Kleurenschema, typografie, hoofdpersonages, terugkerende elementen, etc.)</li>\r\n<li>Als iedereen hierover tevreden is, maak ik alle tekeningen.</li>\r\n</ul>\r\n<h2>Belangrijke spelregels</h2>\r\n<p>Uw feedback is zeer waardevol. Als bijvoorbeeld na een paar schetsen blijkt dat een stijl of kleurkeuze toch niet werkt, zal ik daarnaar luisteren en opnieuw beginnen. Om vervelende situaties te voorkomen, echter, hanteer ik een limiet van 3 revisies. (Mijn ervaring leert dat de eerste poging al een schot in de roos is, maar je weet maar nooit.)</p>', 2, ''),
(33, 'Tower of Freedom', '<p>Tower of Freedom is een computerspel dat ik in mijn vrije tijd heb ontwikkeld. Alles is helemaal zelf gemaakt: het spelidee, de tekeningen, de code, de muziek, etc.</p><p>Dit is de link naar het spel:<a href="https://pandaqi.itch.io/tower-of-freedom">Tower of Freedom</a></p><h2>Wat is bijzonder aan dit project?</h2><p>Dit spel is gemaakt in Godot Engine. Het heeft mij een baan opgeleverd als medeschrijver aan een boek over Godot en is gefeatured in de Godot Showcase. Daarnaast heb ik er veel plezier aan beleefd met familie en vrienden. Dus ik moet iets goed hebben gedaan.</p><h2>Waar gaat het over?</h2><p>In dit spel bouw je een toren om te ontsnappen uit een wereld. Als deze toren hoog genoeg is, kun je namelijk bij de uitgang.</p><p>Om te kunnen bouwen, moet je hout, steen en diamanten verzamelen uit de wereld om je heen. Er is alleen één probleem: links en rechts verschijnen monsters die je toren kapot willen maken. Als je ze niet op tijd verslaat, mag je weer opnieuw beginnen.</p><h2>Hoe ontstond het idee?</h2><p>Het spelidee ontstond op de universiteit. Ik speelde vaak grappige spelletjes met een vriend van mij, maar we konden heel weinig vinden dat je samen kon spelen. Dus toen maakte ik dit spel. (Om eerlijk te zijn is de multiplayer modus dan ook beter dan de single player.)</p>', 0, 'tower_of_freedom_2.png'),
(22, 'Huur mij in', '<p>Ik heb veel ervaring met spellen maken, maar niet zozeer met spellen afmaken of publiceren. U kunt mij gerust inhuren voor het krijgen of uitwerken van ideeën, of als u hulp nodig heeft bij het programmeren (of ontwerpen).</p><p>U kunt bij mij niet een heel spel bestellen of een bestaand spel laten uitbrengen.</p>', 2, ''),
(23, 'Cartoons', '<p>Ik teken twee verschillende cartoonreeksen: Henk de Tijdreiziger en Freds Wilde Wereld.</p><p>Dit is de link naar alle cartoons: <a href="http://nietdathetuitmaakt.nl/category/cartoons/">Cartoons</a></p><p>Ik zet de tekeningen gratis online (op mijn blog) zodra ik een nieuwe heb. Er is niet echt een strak uploadschema. Hoewel ik het hartstikke leuk vind om ze te maken, kost het gewoon veel tijd.</p><p>Ik heb wél al een verhaallijn en stijl die ik doorzet in beide cartoonreeksen.</p>', 0, 'cartoons.png'),
(24, 'Huur mij in', '<p>Wilt u mij inhuren? Dat kan! Stuur mij gerust een email met uw opdracht en uw voorwaarden.</p>\r\n<h2>Mijn specialiteit</h2>\r\n<p>Ik speel en maak vrijwel alle soorten spellen. Ik heb wel een voorkeur voor simpele&ndash;medium spellen. Het liefst heeft een spel een heel uniek mechanisme, voelt het als een avontuur, en kun je het eventueel met een grote groep spelen.</p>\r\n<h2>Mijn werkwijze</h2>\r\n<p>Aangezien een spel vele componenten heeft, kan ik hier geen hele concrete werkwijze overleggen.</p><p>Mijn werkwijze is hetzelfde als dat van alle andere spellenmakers: eerst héél vaak de regels testen een aanscherpen, en pas als je daarover zekerheid hebt de tekeningen en ontwerpen maken.</p><p>Als u mij slechts inhuurt voor het ontwerp, speel ik natuurlijk graag eerst een paar keer het spel.</p>', 2, ''),
(25, 'Huur mij in', '<p>Wilt u mij inhuren? Dat kan! Stuur mij gerust een email met uw opdracht en uw voorwaarden.</p>\r\n<h2>Mijn specialiteit</h2>\r\n<p>Ik bedenk graag een gehele huisstijl (logo + kleurenschema + typografie + website + etc.) In dat geval kan ik namelijk alles heel mooi samen laten komen en laten voelen als één geheel. Als ik slechts enkele onderdelen van de stijl doe, is dat natuurlijk iets lastiger.</p><p>Daarnaast hou ik zelf het meest van losse, speelse stijlen.</p>\r\n<h2>Mijn werkwijze</h2>\r\n<p>De werkwijze hangt heel erg af van wat u van mij vraagt. Er zit natuurlijk wel een bepaalde volgorde in de verschillende elementen:</p>\r\n<ul>\r\n<li>De doelen en het karakter van uw onderneming bepalen</li>\r\n<li>Marktonderzoek (wie is de directe competitie?) en gebruikersonderzoek (wat is het doelpubliek?)</li>\r\n<li>Logo ontwerp</li>\r\n<li>Andere (visuele) elementen (kleuren, lettertypes, vormen, taalgebruik, etc.)</li>\r\n<li>Ontwerp voor formele communicatie en fysieke objecten (denk aan business cards of T-shirts)</li>\r\n<li>Stijlgids (alle richtlijnen en regels over het gebruik van het ontwerp)</li>\r\n</ul>\r\n<p>Wanneer de huisstijl is gemaakt, kan deze natuurlijk worden gebruikt voor alle onderdelen (website, brieven, tijdschrift, etc.)</p>\r\n<h2>Veelgestelde vragen</h2>\r\n<p><em>Waarom komt het logo ontwerp zo vroeg?</em> Het logo is vaak het eerste wat mensen zien, het eerste waarmee je wordt geïdentificeerd. Daarnaast bevat een logo vaak een collectie van alle ontwerpelementen: het kleurenschema, het lettertype, de vormen, etc.</p>\r\n<p><em>Kan ik jou inhuren voor slechts een deel van deze elementen?</em> Jazeker! Het kan best dat u iets niet nodig heeft, of liever iemand anders daarvoor inschakelt, of geen budget hebt voor een formele stijlgids.</p>\r\n<h2>Belangrijke spelregels</h2>\r\n<p>Net zoals bij andere ontwerpen geldt een limiet van 3 revisies voor de belangrijkste elementen. Als ik een logo ontwerp, bedenk ik altijd drie verschillende "richtingen". Als deze allemaal niet bevallen, kunt u dat eerlijk zeggen en bedenk ik drie nieuwe richtingen (een "revisie"). Binnen 3 revisies weet ik zeker dat we iets vinden dat bevalt.</p>', 2, ''),
(26, 'Huur mij in', '<p>Ik heb de laatste jaren veel ervaring opgebouwd met ontwerpen voor print. Dit was eigenlijk per ongeluk: ik had deze vaardigheid hard nodig voor mijn eigen (prenten)boeken, spelregels en krantjes (die ik voor de grap maakte).</p><p>Inmiddels ben ik zelfverzekerder en weet ik zeker dat ik iets voor u kan betekenen. Of het nou een locaal krantje is, een nieuwsbrief, spelregels voor uw eigen spel, een eigen boek&mdash;ik wil helpen!</p>', 2, ''),
(27, 'NDHU', '<p>"Niet Dat Het Uitmaakt" (NDHU) is de naam van mijn blog.</p>\r\n<p>Het blog is zo groot (en ik doe zoveel verschillende dingen) dat het zijn eigen subcategorie op deze website heeft gekregen: <a href="Schrijven/NDHU%20%28Blog%29">NDHU (Blog)</a></p>\r\n<p>De link naar het blog zelf is: <a href="http://nietdathetuitmaakt.nl">Niet Dat Het Uitmaakt</a></p>\r\n<p>Dit blog begon met een standaard WordPress-installatie en een bestaand thema. (Ik wilde gewoon zo snel mogelijk beginnen met bloggen.) Over tijd heb ik veel aangepast en erbij geprogrammeerd, en dat zal in de toekomst nog wel vaker gebeuren.</p>', 0, 'ndhu_in_action.png'),
(28, 'Trampolinedraak', '<p>Ik speel graag spellen met veel spelers. Het enige probleem is dat veel spellen maar een paar spelers aankunnen, en dat je niet eens moet proberen een moeilijk bordspel aan 10 spelers uit te leggen.</p>\r\n<p>De oplossing? Een spel dat je op de computer kunt opstarten en iedereen met hun mobiel laat verbinden. Zo speel je gezamenlijk een spel, terwijl iedereen zijn eigen smartphone als "controller" gebruikt.</p>\r\n<p>In dit geval tekent iedereen iets op hun telefoonscherm, waarna de rest moet raden wat het is, en vervolgens het goede antwoord kiezen. De tekeningen zijn hilarisch; de foute antwoorden zijn nog leuker.</p>\r\n<h2>Waar kan ik het spelen?</h2>\r\n<p>Een complete uitleg (met voorbeelden en de link) vind je hier: <a href="http://nietdathetuitmaakt.nl/gewoon-een-gedachte/trampolinedraak-een-partyspel/">Trampolinedraak</a></p>\r\n<h2>Veelgestelde vragen</h2>\r\n<p><em>Waar komt de naam vandaan?</em> Ik heb geen idee. Mijn allereerste online multiplayer spel dat ik probeerde te maken noemde ik "trampolinedraak". Sindsdien gebruik ik de term voor elk soortgelijk experiment.</p>', 0, 'trampolinedraak.png'),
(29, 'De Dierenbandiet', '<p>"De Dierenbandiet" is een snel en uniek kaartspel voor alle leeftijden.</p><p>Dit is de link naar het spel (om zelf te printen) en alle andere informatie (zoals het ontwikkelingsproces): <a href="http://nietdathetuitmaakt.nl/bordspellen/de-dierenbandiet/">De Dierenbandiet</a></p><p>Alles voor dit spel is zelf gemaakt: het idee, de uitwerking, de kaarten, de spelregels, etc.</p><p>Mijn doel was om een spel te maken waarbij je een kaart moest wegsmokkelen (in dit geval "de eenhoorn").</p><p>Het addertje onder het gras? De kaart moet eerst langs alle andere spelers zijn geweest. Zodoende ontstond een spel waarbij iedereen probeert om stiekem kaarten langs andere spelers te krijgen, gebruik makend van een mechanisme dat ik nog nooit eerder in een spel heb gezien.</p>', 0, 'dierenbandiet.png'),
(30, 'Naïvigatie', '<p>"Naïvigatie" is een zelfgemaakt bordspel waarbij je samen probeert een auto over de finish te rijden.</p>\r\n<p>Dit is de link naar het spel: <a href="http://nietdathetuitmaakt.nl/bordspellen/naivigatie/">Naïvigatie</a></p><p>Op deze link vind je bestanden om te downloaden en een dagboek over de ontwikkeling van het spel.</p>\r\n<p>Wederom is alles helemaal zelf gemaakt: de ontwerpen, de kaarten/tegels, de spelregels, etc.</p>\r\n<p>Dit spel was het moment waarop ik dacht dat er misschien wel een toekomst voor mij was in de bordspellenwereld. Vanaf de eerste versie had men plezier en waren de ontwerpen duidelijk, ook al was het slechts een hobbyproject dat ik snel in elkaar heb gedraaid. (Sterker nog, ik ben bezig met enkele uitbreidingen voor dit spel.)</p>', 0, 'naivigatie.png'),
(21, 'Bester', '<p>Halverwege de middelbare school bedacht ik met een vriend de naam "bester" (ik weet niet meer hoe we erop kwamen). Vanaf dat moment hield ik een gratis website bij&mdash;genaamd Bester&mdash;waarop ik al mijn spelletjes zette.</p><p>De website staat nog steeds online (ik heb hem alleen een keer overgeplaatst naar mijn blog):<a href="http://nietdathetuitmaakt.nl/bester-games/">Bester Games</a></p>\r\n<p>Het zijn allemaal spellen die je direct in je browser kunt spelen, zonder iets te hoeven installeren of regelen. (De spellen zijn gemaakt om te spelen met een toetsenbord, dus je kunt niet zonder.)</p>\r\n<p>Dit zijn mijn allereerste spellen, dus ik ga niet doen alsof het geweldige creaties zijn. Maar ik en mijn vrienden hebben er veel plezier aan beleefd, en sommige spellen (zoals iiICECREAM) vind ik oprecht goed. En het laat mooi zien waar ik begonnen ben.</p>', 0, 'bester_games.png'),
(39, 'Dusk', '<p>Dusk is deel 1 van een instrumentaal tweeluik. (Deel 2 heet "Dawn" en is later uitgekomen.)</p>\r\n<p>Het hele album is hier gratis te beluisteren: <a href="#">HIER KOMT EEN LINK</a></p>\r\n<p>Het tweeluik gaat over een droevige gebeurtenis in mijn leven: het plotselinge overlijden van mijn broer.</p><p>Ik wilde er twee korte albums van maken, in plaats van een hele lange, omdat er ook een tweezijdig gevoel aan de gebeurtenis kleeft. Enerzijds is het verschrikkelijk en verloor ik een beetje alle zin in het leven ("dusk"), anderzijds heeft het me energie gegeven om er vol voor te gaan en een nieuw avontuur te beginnen ("dawn").</p>', 0, ''),
(32, 'Worlds We Used to Own', '<p>"Worlds We Used to Own" (WWUTO) is een zelfgemaakt RTS computerspel waarbij je met verschillende diersoorten probeert zoveel mogelijk van de natuur te veroveren.</p>\r\n<p>Dit is de link naar het ontwikkelaarsdagboek ("devlog"): <a href="https://pandaqitutorials.tumblr.com/">Worlds We Used to Own</a></p>\r\n<p>Het spel is gemaakt met LÖVE (Love2D) die de progammeertaal LUA gebruikt. Alle systemen en graphics zijn helemaal vanaf de grond opgebouwd door mijzelf.</p>\r\n<p>Dit spel was veelbelovend en kwam best ver, totdat ik noodgedwongen de ontwikkeling moest staken. Het spel werd te groot en ik kon niet genoeg tijd erin steken om het tijdig af te maken (en er geld aan te verdienen). Hopelijk kan ik dit idee ooit doorzetten.</p>', 0, 'worlds_we_used_to_own.gif'),
(31, 'All the Stars in the Universe', '<p>"All the Stars in the Universe" is een simpel spel over de ruimte afreizen voor de liefde.</p>\r\n<p>Dit is de link naar de laatste versie van het spel: <a href="https://pandaqi.itch.io/all-the-stars-in-the-universe">All the Stars in the Universe</a></p>\r\n<p>Het is een "HTML5 game", wat betekent dat het gemaakt is met website code en in elke browser moeiteloos zou moeten werken. (Specifiek is de Phaser.io library gebruikt.)</p>\r\n<p>Ook dit spel is niet afgemaakt, hoewel een groot deel van de kern al af was. (Er wordt een random universum gegenereerd, je kunt van planeet naar planeet reizen, je kunt huizen binnengaan, etc.)</p>\r\n<p>Dit had dezelfde reden als altijd: er waren belangrijkere (en meer urgente) projecten. Hopelijk kan ik dit spel ooit afmaken (het zou niet héél veel tijd moeten kosten).</p>', 0, 'all_the_stars_in_the_universe.png'),
(34, 'Rode Panda', '<p>Deze website heb ik natuurlijk ook helemaal zelf ontworpen en geprogrammeerd.</p>\r\n<p>Dit is de link naar een artikel waarin ik het hele proces beschrijf en toelicht: <a href="#">HIER KOMT EEN LINK</a></p>\r\n<p>Ik had een aantal andere ideeën voor het ontwerp die ik ook heel leuk vond, maar uiteindelijk straalde dit ontwerp het beste "rode panda" (en "natuur") uit.</p>\r\n<p>Daarnaast hou ik van een uitdaging. Deze website&mdash;met de vele dieren, boomstronken, unieke ideeën en effecten, etc.&mdash;was zeker een uitdaging. Ik ben uiteindelijk zeer tevreden met deze website; hopelijk vindt u hem ook duidelijk en mooi om te aanschouwen.</p>', 0, ''),
(36, 'Zinderende Simulaties', '<p>Ik schrijf graag programmaatjes om zeer belangrijke problemen op te lossen. Zoals: wat is de beste strategie voor een potje Risk? Kun je Halli Galli winnen door gewoon op willekeurige momenten op de bel te slaan?</p>\r\n<p>Dit is de link naar deze simulaties (en andere wiskundige verhalen): <a href="http://nietdathetuitmaakt.nl/zinderende-simulaties/">Zinderende Simulaties</a></p>', 0, ''),
(37, 'Genezende Gedichten', '<p>Ik schrijf van tijd tot tijd gedichten. De meeste zijn serieus en gaan over iets emotioneels dat ik heb meegemaakt. Sommige zijn bedoeld als grapje of spelen met taal.</p>\r\n<p>Dit is de link naar alle gedichten: <a href="http://nietdathetuitmaakt.nl/genezende-gedichten/">Genezende Gedichten</a></p>', 0, ''),
(38, 'Rare Recensies', '<p>De laatste jaren merk ik steeds meer dat ik het leuk vind om dingen te recenseren. Het is fijn om iets wat ik geweldig vind te delen met de rest van de wereld. (Of andere mensen te behoeden voor iets wat ik verschrikkelijk vind.)</p>\r\n<p>Dit is de link naar alle recensies: <a href="http://nietdathetuitmaakt.nl/rare-recensies/">Rare Recensies</a></p>', 0, ''),
(40, 'Dawn', '<p>Dawn is deel 2 van een instrumentaal tweeluik. (Deel 1 heet "Dusk" en is eerder uitgekomen.)</p>\r\n<p>Het hele album is hier gratis te beluisteren: <a href="#">HIER KOMT EEN LINK</a></p>\r\n<p>Het tweeluik gaat over een droevige gebeurtenis in mijn leven: het plotselinge overlijden van mijn broer. (Een verdere uitleg is te vinden bij deel 1.)</p>\r\n<p>Het was dan ook niet lastig om de nummers te schrijven: ze kwamen helemaal vanzelf. Ik denk dat dit mijn beste instrumentale werk tot nog toe is.</p>', 0, ''),
(41, 'Covers', '<p>Ik plaats wel eens covers op mijn YouTube kanaal. Ik heb deze opgesplitst in drie verschillende afspeellijsten:</p>\r\n<ul>\r\n<li><a href="https://www.youtube.com/playlist?list=PLz5Mp6xlilm14ZkfgVjWGAnyeGf7VWJ_V">Closet Covers</a>: covers opgenomen in niet-ideale omstandigheden</li>\r\n<li><a href="https://www.youtube.com/playlist?list=PLz5Mp6xlilm04RB6DvDnX7Oudod2UOGh4">Covers (English)</a></li>\r\n<li><a href="https://www.youtube.com/playlist?list=PLz5Mp6xlilm0AG9kmtA0o7JOIGt_0gm_l">Covers (Nederlandstalig)</a></li>\r\n</ul>\r\n<p>Ik ben altijd druk bezig nieuwe opnames op dit kanaal te zetten, dus verwacht dat er snel meer op komt te staan. (Ik wil perse zelf de tekening maken voor de video, dus dat duurt altijd even.)</p>\r\n<p>(Op ditzelfde YouTube kanaal staan ook mijn instrumentale nummers en demo\'s van eigen nummers.)</p>', 0, ''),
(42, 'Demo\'s', '<p>Ik neem zoveel mogelijk "demo\'s" op van eigen nummers. Dit doe ik om niet te vergeten hoe het nummer ook alweer precies ging, evenals om te horen hoe het nummer "in het echt" klinkt.</p>\r\n<p>De demo\'s staan in deze afspeellijst op YouTube: <a href="https://www.youtube.com/playlist?list=PLz5Mp6xlilm0pqjYE22_HUDYzQQJbR_pU">Demos (own songs)</a></p>\r\n<p>Deze demo\'s bevatten soms alleen een couplet en refrein, of een onzintekst, of iets dergelijks. Het gaat vooral mo de kern van het nummer.</p>\r\n<p>Ik ben altijd druk bezig nieuwe opnames op dit kanaal te zetten, dus verwacht dat er snel meer op komt te staan. (Ik wil perse zelf de tekening maken voor elke video, dus dat duurt altijd even.)</p>\r\n<p>(Op ditzelfde YouTube kanaal staan ook mijn instrumentale nummers en demo\'s van eigen nummers.)</p>', 0, '');

-- --------------------------------------------------------

--
-- Table structure for table `subcategories`
--

CREATE TABLE `subcategories` (
  `id` int(11) NOT NULL,
  `name` varchar(255) NOT NULL,
  `content` text NOT NULL,
  `parent_category` int(11) NOT NULL
) ENGINE=MyISAM DEFAULT CHARSET=latin1;

--
-- Dumping data for table `subcategories`
--

INSERT INTO `subcategories` (`id`, `name`, `content`, `parent_category`) VALUES
(1, 'NDHU (Blog)', '<p><a href="http://nietdathetuitmaakt.nl">"Niet Dat Het Uitmaakt"</a> is de naam van mijn persoonlijke blog. Hierop schrijf ik al jarenlang over alles wat ik doe en wat mij bezighoudt. Soms is het heel serieus (over een maatschappelijk probleem), soms is het helemaal niet serieus (grappige anekdotes of verhaaltjes). De rest van de tijd geef ik updates omtrent mijn werk en hobbyprojecten.</p><p>Hieronder staan links naar de grootste dingen die ik op het blog heb gedaan. Verder raad ik natuurlijk aan om het blog zelf te bezoeken en te genieten van al het moois :)</p>', 1),
(2, 'Non-fictie', '<p>Als kind was mijn missie altijd om andere mensen te helpen. Daarom bestaat mijn non-fictie werk grotendeels uit "tutorials" of "how-to guides". (Soms als hobby, soms in opdracht voor anderen.)</p><p>Natuurlijk kan ik ook daarbuiten treden, maar andere mensen iets leren is mijn passie en specialiteit.</p>', 1),
(3, 'Verhalen', '<p>Verhalen zijn ondergewaardeerd. Met één goed verhaal kun je iemands leven veranderen, iemand een belangrijke levensles leren, iemand iets voor het eerst laten begrijpen. Ik probeer mijn verhalen dan ook altijd dat praktisch nut te geven.</p><p>(Ik probeer dit te combineren met humor en veel ruimte voor introspectie. Dat eerste lukt vaak, maar dat tweede gek genoeg niet. Mwah, zal niet aan mij liggen.)</p><p>Op dit moment liggen veel schrijfprojecten nog bij een uitgeverij of op de plank (klaar om te worden opgestuurd naar een uitgeverij). Vandaar dat deze categorie nog wat leeg is.</p>', 1),
(4, 'Theater', '<p>Ik ben haast opgegroeid in het theater, dankzij mijn vader die lange tijd theaterdirecteur is geweest. Zodoende schrijf ik al van jongs af aan toneelstukken en musicals. Het lijkt me echt wel gaaf om ooit een filmscript te schrijven, maar theater ... dat blijft toch de eerste liefde.</p>', 1),
(5, 'Prentenboeken', '<p>Als schrijver en ontwerper was het haast vanzelfsprekend dat ik prentenboeken ging maken. Vooralsnog heb ik er slechts één (in eigen beheer) uitgegeven, maar er zijn er meer onderweg.</p>', 1),
(6, 'Overig', '<p>In deze subcategorie staan al mijn schrijfactiviteiten die niet in één van de andere categorieën passen.</p>', 1),
(7, 'Singer-songwriter', '<p>Ik schrijf veel akoestische liedjes, bedoeld om te spelen met slechts een stem en één of twee instrumenten. Ik vind dit vaak de meest pure en emotionele vorm van muziekmaken, hoewel ik ook wel eens nummers schrijf waarbij een voltallige band hard nodig is.</p><p>In deze categorie zou ik graag al deze mooie liedjes laten horen ... maar er is een probleem. Vanwege gezondheidsproblemen kan ik de nummers op het moment niet zelf uitvoeren. Ik moet dus wachten totdat ik beter ben óf totdat iemand anders mijn nummers wil inzingen.</p><p>Ik heb daarentegen wel enkele opnames van lang geleden die ik kan laten horen!</p>', 2),
(8, 'Instrumentaal', '<p>Ongeveer eens per jaar maak ik een instrumentaal album. Deze bevat vaak een verzameling van alle composities die ik dat jaar heb bedacht en uitgewerkt. Meestal zijn dit klassieke composities met alleen piano of gitaar, maar soms experimenteer ik met hele andere stijlen en instrumentaties.</p><p>Hieronder staan alle albums die ik tot nog toe heb uitgebracht.</p>', 2),
(9, 'Musical', '<p>Musicalmuziek is prachtig. Als je iemand vraagt om musicalmuziek te definiëren zou diegene dat niet kunnen, maar geef diegene een liedje en hij weet meteen of het van een musical komt of niet.</p><p>Tientallen keren heb ik met kippenvel op mijn armen naar een musical geluisterd, of juist zin gekregen om uit mijn stoel te springen om te dansen bij diezelfde musical.</p><p>Met diezelfde passie schrijf ik zelf musicals en de bijbehorende muziek.</p>', 2),
(10, 'Overig', '<p>Hier vindt u al mijn muziekactiviteiten die niet bij de andere subcategorieën horen. (Denk aan: muziek voor spellen, muziek voor filmpjes, muzikale experimenten, etc.)</p>', 2),
(11, 'Contact', '<p>Stuur mij gerust een email op: <strong>tiamo@rodepanda.com</strong></p><p>Ik lees elke mail doorgaans binnen een à twee dagen. Het kan iets langer duren voordat ik reageer, als het een grote opdracht betreft of ik moet wat voorwerk verrichten (zoals een contract opstellen).</p><p>Ik ben niet telefonisch bereikbaar. Mijn stem begeeft het namelijk regelmatig, wat bellen redelijk onmogelijk maakt. Daarnaast kan vrijwel alles prima afgehandeld via email.</p><p>Ik kan wél in het echt met u afspreken. Ik vind het fijn om klanten in het echt te zien, en voor zover ik weet vinden klanten dat ook fijn.</p><p>(<em>Maar hoe doe je dat dan met je stem?</em> Als ik weet dat ik een afspraak heb, kan ik de rest van de week vrijmaken om mijn stem rust te geven. Daarnaast, mocht het toch niet lukken, kunnen we overstappen op het schrijf-je-boodschap-op-een-briefje systeem.)</p>', 5),
(12, 'Mijn werkwijze', '<p>Ik ben geen zakelijk persoon. Ik wil gewoon mooie dingen maken, en daarbij helpt het om flexibel te zijn en zoveel mogelijk mensen mee te laten praten. Na jarenlang experimenteren heb ik nu een werkwijze gevonden die losjes is, altijd het menselijke aspect meeneemt, en tegelijkertijd veel resultaat oplevert.</p>\r\n\r\n<h2>Geen uurloon</h2>\r\n<p>Ik werk niet met uurloon. Waarom niet? Omdat het oneerlijk is voor zowel mij als mijn klant.</p><p>Hoe beter je bent in iets, hoe sneller je werkt. Met al mijn muziekervaring, bijvoorbeeld, componeer ik nu tien keer sneller dan vroeger. Als ik een uurloon vroeg, zou ik nu dus juist <em>bestraft</em> worden omdat ik sneller werk. Ik zou tien keer minder verdienen. Raar toch?</p><p>Aan de andere kant, het gebeurt wel eens dat ik fouten maak, of vanwege omstandigheden minder snel werk. Omdat ik er met mijn hoofd even niet bij ben, moet ik dan een uur langer doorwerken, en dus een extra uur declareren. Dat is hartstikke oneerlijk toch? Het is niet de schuld van de klant.</p><p>Kortom: ik lever werk voor een vast bedrag.</p><p>Dit bedrag hangt natuurlijk af van de waarde van het werk. Als u een klein winkeltje heeft en een simpele website zoekt, zal ik dat voor weinig geld doen. Als u mij vraagt mee te schrijven aan een boek dat overal en nergens te koop zal zijn, zal ik daar meer voor vragen.</p>\r\n\r\n<h2>Geef het de tijd</h2>\r\n<p>Onze hersenen hebben tijd nodig om iets volledig te begrijpen en tot hun beste ideeën te komen.</p><p>Mijn beste werk ontstaat als ik het de tijd geef; mijn slechtste werk ontstaat als ik constant doorwerk en niet tussendoor ontspan om ideeën te laten rijpen.</p><p>Ik vraag mensen altijd om mij de tijd te geven. Als je gehaast bent of ergens druk achter zet, zeg je namelijk niets anders dan: "ik wil kwaliteit inleveren voor een sneller eindproduct".</p><p>Vertrouw mij. Vertrouw dat ik zo hard werk als ik kan en goed werk zal leveren. Vertrouw dat de eerste versie er stom uitziet, maar de derde versie geniaal wordt.</p><p>Ik kan prima deadlines halen, maar geef (het liefst) een opdracht zo vroeg mogelijk of ga na of bepaalde deadlines écht nodig zijn.</p>\r\n\r\n<h2>Kritiek & Communicatie</h2>\r\n<p>Ondanks mijn zakelijke relatie met klanten, probeer ik zo aardig en eerlijk mogelijk te communiceren. Uiteindelijk zijn we twee mensen die gezamenlijk iets moois willen maken. Als we boos worden op elkaar, of kortaf gaan reageren, helpt dat niks. Sterker nog, ik doe regelmatig mini-interviews om iemand beter te leren kennen en diens gevoel met het project beter te pakken te krijgen.</p><p>Aan de andere kant zal ik niet poeslief zijn en vraag ik dat ook niet van u. Als je iets van mijn werk niet goed vindt, moet je natuurlijk vrijuit kritiek leveren. Daarvan wordt het eindproduct beter, daarvan worden mijn vaardigheden beter. Er is weinig zo waardevol als goede feedback.</p>\r\n\r\n<h2>Niks is te gek</h2>\r\n<p>Vroeger noemden mensen mij "gestoord op de goede manier". Nou weet ik niet of ik het daarmee eens ben, maar het is wel waar dat ik niks te gek vind. Ik zou het een beetje mijn specialiteit willen noemen.</p><p>Er zijn genoeg mensen die hele strakke, zakelijke ontwerpen maken. Er zijn genoeg mensen die popliedjes of degelijke artikelen schrijven. Ik ga het liefst dieper dan dat. Ik wil het menselijker maken, unieker, creatiever, grappiger, absurder.</p><p>(Kijk maar naar deze website. Is het je al opgevallen dat er geen menu is? Is het niet raar dat de boom aan de rechterkant staat, aangezien we van links naar rechts lezen?)</p>\r\n\r\n<h2>Leren & Doceren</h2>\r\n<p>Misschien wel mijn grootste passie in het leven is leren en doceren. Het is de reden dat ik in zoveel verschillende vakgebieden werk: ik wil alles leren! Daarnaast draag ik mijn kennis graag over op anderen. (Soms zijn ze daar blij mee, soms willen ze volgens mij dat ik ophoud.)</p><p>Als je wilt weten <em>waarom</em> ik iets wel/niet heb gedaan, dan vertel ik dat heel graag.</p><p>Als je een opdracht voor mij hebt waarvan je niet weet of het in mijn straatje past, stel het gewoon voor. Ik leer graag iets nieuws.</p>\r\n', 5),
(13, 'Mijn filosofie', '<p>Op deze pagina wil ik vertellen hoe ik naar de wereld, het leven en mijn eigen werk kijk. De titel “mijn filosofie” is op zich een goede samenvatting, hoewel het stuk hieronder natuurlijk een zeer korte en incomplete beschrijving is.</p>\r\n<p>Ik heb ook een stuk over mijzelf en mijn filosofie op mijn blog geschreven: <a href="http://nietdathetuitmaakt.nl/over/">Over mij</a>. Die pagina vertelt hierover vanuit een iets andere hoek. Er zit namelijk een verschil tussen mensen die mijn blog bezoeken en mensen die mijn portfolio bezoeken.</p>\r\n\r\n<h2>Wat wil ik?</h2>\r\n<p>Ik vraag mezelf – net zoals iedereen waarschijnlijk – regelmatig af: wat wil ik eigenlijk in het leven? Wat wil ik doen en waarom?</p>\r\n<p>Het antwoord is altijd geweest: ik wil de wereld een beetje beter achterlaten dan ik hem heb gevonden. Dat is een goed begin, maar verder nog erg vaag.</>\r\n<p>Hoe kan iemand de wereld verbeteren? Door de <em>huidige problemen op te lossen</em> en <em>toekomstige problemen te voorkomen</em>.</p>\r\n\r\n<h2>Wetenschapper of kunstenaar?</h2>\r\n<p>Vroeger dacht ik altijd dat ik het aan de wereld verplicht was om wetenschapper te worden. Die lossen tenminste problemen op! Die gaan het medicijn tegen kanker ontdekken en de planeet redden voordat zij te heet wordt!</p>\r\n<p>Ik heb het lang geprobeerd, door bijvoorbeeld aan de technische universiteit te studeren, maar uiteindelijk is het dat niet geworden. Er zijn veel mensen die veel beter zijn in wetenschap dan ik en ook meer passie ervoor voelen. Steeds meer merkte ik dat mijn bijdrage aan de wetenschap gering was.</p>\r\n<p>Ik voelde me meer aangetrokken tot de andere kant: de kunsten. Ik kan dan misschien niet het klimaatprobleem oplossen, maar ik kan wél andere mensen erover aan het denken zetten. Ik kan een boek schrijven dat de informatie op een leuke en grappige manier overbrengt. Ik kan een nummer schrijven dat mensen meer liefde voor de natuur bijbrengt. Ik kan een bord- of computerspel bouwen waarin je het klimaatprobleem naspeelt.</p>\r\n\r\n<h2>Praktisch nut</h2>\r\n<p>Dat is waarvoor ik de kunsten wil gebruiken: problemen oplossen en mensen “verbeteren”. (Dat klinkt heel pretentieus of arrogant, maar dat zal ik dadelijk verder toelichten.)</p>\r\n<p>Alles wat ik doe moet praktisch nut hebben. Het liefst wil ik dat mijn werk tegelijkertijd mensen <em>plezier oplevert</em>, <em>aan het denken zet</em>, en <em>ergens mee helpt</em>. </p>\r\n<p>Ik ga niet doen alsof ik de wijsheid in pacht heb en iedereen kan vertellen hoe ze een “goed” mens zijn. (Als iemand dat ooit beweert, moet u hem ook niet geloven!) Je ziet mij nooit een verhaal schrijven met een overduidelijke “goeierik” en “slechterik”. Nee, de wereld is veel meer een grijs gebied, en daar kom je pas achter als je er zelf over nadenkt.</p>\r\n<p>Als zoveel mogelijk mensen hun best doen om de huidige problemen op te lossen én om een zo goed mogelijk mens te zijn, worden toekomstige problemen ook verzacht of verholpen.</p>\r\n\r\n<h2>Aandachtsgebieden</h2>\r\n<p>Ik heb een paar specifieke gebieden waar ik veel “verbeterpunten” zie:</p>\r\n\r\n<ul><li>Onderwijs</li><li>Opvoeding</li><li>Gezondheid</li><li>Liefde</li></ul>\r\n\r\n<p>Het huidige onderwijssysteem vind ik belachelijk slecht, net als de manier waarop veel mensen (niet alleen ouders) tegen opvoeding aankijken. Terwijl dit misschien wel de belangrijkste factoren zijn voor iemands ontwikkeling en levensverloop.</p>\r\n<p>Daarnaast onderschatten veel mensen hun gezondheid. Ik kan het weten. Doordat ik op de middelbare school steeds hoorde “school gaat voor! school staat op de eerste plek!”, besteedde ik geen aandacht aan een klein gezondheidsprobleem, waardoor het kon uitgroeien tot een gigantisch gezondheidsprobleem. Ik wil mensen leren hoe je gezond leeft – en waarom dat ongelofelijk belangrijk is – zonder dat je daarvoor je ziel hoeft te verkopen aan de duivel.</p>\r\n<p>En als laatste, hoe cliché het ook klinkt, hou ik van lieve mensen. Mensen hebben mij wel eens beschuldigd van het feit dat ik “te hoge eisen stel” en “verwacht dat anderen perfect zijn”. Dat is niet zo. Je kunt de meeste imperfecte persoon op aarde zijn, zolang je <em>je best doet om zo lief mogelijk te zijn</em>, ben je mijn vriend. (Daarentegen kun je hartstikke leuk, aardig, slim, knap, goddelijk zijn, maar als je van binnen een klootzak bent die geen moeite wil doen, ben je niet mijn vriend.)</p>\r\n<p>Ik probeer altijd iets liefs te doen met mijn werk. Het is mijn valkuil, maar ook mijn kracht.</p>\r\n', 5),
(14, 'Algemene voorwaarden', '<p>Mijn algemene voorwaarden vindt u op deze link: <a href="http://localhost/RodePanda/files/Algemene%20Voorwaarden%20(2019).pdf">Algemene Voorwaarden (PDF)</a></p>\r\n<h2>Samenvatting</h2>\r\n<p>Algemene voorwaarden zijn vaak moeilijk om doorheen te komen. Daarom heb ik het hele document per hoofdstuk voor u samengevat.</p>\r\n<h2>1. Overeenkomst</h2>\r\n<ul>\r\n<li>Alle prijzen zijn exclusief BTW.</li>\r\n<li>De termijn van aanvaarding voor offertes is 2 weken.</li>\r\n<li>Wanneer u de offerte aanvaart, is de overeenkomst gesloten en geen contract meer nodig.</li>\r\n<li>Elke (verdere) overeenkomst dient schriftelijk te worden bevestigd voordat deze vaststaat. (Een mondelinge afspraak is bijvoorbeeld niet bindend.)</li>\r\n</ul>\r\n<h2>2. Uitvoering</h2>\r\n<ul>\r\n<li>Afwijkingen van de offerte zijn géén reden tot opschorting als ze niet van grote betekenis zijn of met beste intenties uitgevoerd. (En zeker niet als de klant hiermee heeft ingestemd.)</li>\r\n<li>Klachten moet u binnen 2 weken rapporteren. Daarna ga ik ervan uit dat u tevreden bent met het geleverde werk.</li>\r\n<li>Een einddatum op de offerte is indicatief.</li>\r\n</ul>\r\n<h2>3. Inschakelen derden</h2>\r\n<ul>\r\n<li>Derde partijen worden slechts door mij ingeschakeld met toestemming van de klant.</li>\r\n<li>Ik ben niet aansprakelijk als zij slecht werk leveren of als de klant anderzijds extra kosten maakt bij een derde partij.</li>\r\n</ul>\r\n<h2>4. Rechten</h2>\r\n<ul>\r\n<li>De klant krijgt exclusieve, niet-overdraagbare rechten tot gebruik van het werk.</li>\r\n<li>De klant ontvangt deze rechten nadat ik het gehele afgesproken bedrag heb ontvangen.</li>\r\n<li>Het werk en alle bijbehorende materialen blijven mijn intellectueel eigendom (en er geldt Auteursrecht).</li>\r\n</ul>\r\n<h2>5. Gebruik resultaat</h2>\r\n<ul>\r\n<li>De klant mag het werk niet zomaar aanpassen of misbruiken.</li>\r\n<li>Als de klant niet betaalt of de opdracht vroegtijdig beëindigd, is dit gebruiksrecht direct opgeschort.</li>\r\n</ul>\r\n<h2>6. Honorarium</h2>\r\n<ul>\r\n<li>Extra kosten voor een specifiek project&mdash;zoals transportkosten&mdash;zijn voor de klant.</li>\r\n<li>Ik zal er alles aan doen om extra kosten of vertraging te voorkomen.</li>\r\n</ul>\r\n<h2>7. Betaling</h2>\r\n<ul>\r\n<li>De termijn voor betaling (van een factuur) is 2 weken.</li>\r\n<li>Ik mag de opdracht opschorten als, na een tweede aanmaning, de betalingstermijn is verstreken en nog niet betaald.</li>\r\n<li>Bij ander verzuim geldt rente en/of extra incassokosten.</li>\r\n</ul>\r\n<h2>8. Ontbinding overeenkomst</h2>\r\n<ul>\r\n<li>De klant kan de overeenkomst slechts ontbinden bij verwijtbaar tekortkomen van mij.</li>\r\n<li>In alle andere gevallen is de klant bij opschorting het volgende verschuldigd: het gehele bedrag + reeds aangegane kosten + schadevergoeding.</li>\r\n</ul>\r\n<h2>9. Garanties</h2>\r\n<ul>\r\n<li>Ik ben niet aansprakelijk als de kant licenties of overeenkomsten met derde partijen sluit.</li>\r\n<li>Ik verzeker wel dat mijn eigen werk geen inbreuk maakt.</li>\r\n</ul>\r\n<h2>10. Aansprakelijkheid</h2>\r\n<ul>\r\n<li>Als ik toerekenbaar tekortschiet, moet ik worden geïnformeerd en een kans krijgen mijn verplichtingen alsnog na te komen.</li>\r\n<li>Als dat alsnog niet lukt, krijgt u uw geld terug.</li>\r\n<li>Dit geldbedrag is beperkt tot het (deel van het) honorarium waarop het betrekking heeft, tenzij ik opzettelijk een fout maakte of roekeloos was.</li>\r\n<li>Elke aansprakelijkheid verloopt 2 jaar na het einde van de overeenkomst</li>\r\n<li>Ik ben alleen aansprakelijk voor directe schade. (Indirecte schade zijn bijv. gemiste bezuinigingen.)</li>\r\n</ul>\r\n<h2>11. Overig</h2>\r\n<ul>\r\n<li>Als het openbaar maken of overdragen van delen van het werk schade zou berokkenen, ben ik verplicht tot geheimhouding van die delen.</li>\r\n<li>Als een onderdeel uit de algemene voorwaarden niet meer van toepassing is, blijft de rest natuurlijk onverminderd gelden. Verder is het hele Nederlandse recht van toepassing.</li>\r\n</ul>\r\n<h2>Overige opmerkingen</h2>\r\n<p>Ik vraag doorgaans 50% van het bedrag aan het begin van het project. Dit voorkomt dat ik word opgelicht en geeft mij tegelijkertijd een subtiele sociale druk om zo snel mogelijk te beginnen aan het project.</p>\r\n<p>Voor alles geldt: "tenzij anders afgesproken". Sommige projecten vragen een iets andere regeling. Het heten dan ook <em>algemene</em> voorwaarden.</p>', 5),
(15, 'Websites', '<p>Ik hou van bijzondere websites. Er zijn veel dingen die een website kan, die in geen enkel ander medium mogelijk zijn. Denk maar aan animaties, interactieve boeken, en ontwerpen die meeschalen met het scherm van de gebruiker.</p><p>Ik programmeer graag dit soort bijzondere websites, hoeveel computermagie er ook voor nodig is.</p>', 4),
(16, 'Tekenen', '<p>Ik teken graag in veel stijlen voor veel verschillende doeleinden. De enige stijl die ik niet doe is (extreem) realisme: ik haal meer plezier uit cartoons, abstractie en anderzijds simpelere ontwerpen.</p><p>Mijn grootste werk tot nog toe is een prentenboek (genaamd "De Kat van Sinterklaas"), maar er is meer moois in aantocht!</p>', 3),
(17, 'Bordspellen', '<p>Bordspellen ontwerpen is&mdash;naar mijn mening&mdash;een van de meest veelzijdige dingen die ik doe. Het vraagt namelijk kennis uit vele vakgebieden: schrijven, ontwerpen, tekenen, ideeën genereren en uitwerken, etc.</p><p>Het allerbelangrijkste is misschien nog wel: waarom spelen mensen spellen? Waarom geeft dat plezier en hoe kan ik die plezier vergroten? Hoe krijg ik de spelers aan het lachen, aan het samenwerken, aan het stampen op de vloer van spanning?</p><p>Hieronder staan mijn beste spellen (volgens mijzelf en mijn speelgroepen).</p><p>Een complete lijst van bordspellen staat op deze pagina: <a href="http://nietdathetuitmaakt.nl/bordspellen/">Bordspellen</a></p>', 3),
(18, 'Websites', '<p>Websites waren mijn eerste introductie tot de wereld van grafisch ontwerpen. Ik was die persoon die op de middelbare school al drie websites op z\'n naam had staan. Hoewel ik die websites nu niet meer zou durven laten zien, heeft het me wel veel geleerd en heb ik inmiddels 10 jaar ervaring met website design.</p>', 3),
(19, 'Huisstijl (Logo)', '<p>Ik ben altijd geïnteresseerd geweest in ideeën overbrengen. Hoe zorg je dat mensen een idee (of creatie) van jou onthouden en er zelfs positieve gevoelens aan verbinden?</p><p>Ik help u graag om dit te bereiken met een mooie huisstijl. Als u sommige onderdelen van uw stijl al heeft, kunt u mij ook inschakelen voor "slechts" het logo of een ander onderdeel.</p>', 3),
(21, 'Overig', '<p>Hier vindt u al mijn ontwerpactiviteiten die niet bij de andere subcategorieën horen. (Zoals kleine losse projecten of zelfgemaakte lettertypes.)</p>', 3),
(20, 'Editorial', '<p>Hoewel het meeste van mijn werk digitaal is, heb ik ook ervaring met print media. Sommige dingen moeten nou eenmaal geprint, zoals de spelregels van een spel, een prentenboek voor jonge kinderen, of een schoolkrantje.</p><p>Ik moet er wel eerlijk bij zeggen dat dit een vaardigheid is die ik pas recent heb verworven. Als je een professionele editor zoekt voor een groots project, mag je mij gerust overslaan.</p>', 3),
(23, 'Computerspellen', '<p>Mijn passie voor computerspellen is net zo groot als mijn passie voor bordspellen. Ik wil niets liever dan iets bouwen waar mensen plezier aan beleven. Een wereld, een systeem, een mechanisme, dat doet verwonderen en het kind in iedereen weer een beetje aanspreekt.</p><p>Ik hou vooral van de kleinere, meer bijzondere spelletjes. (Vroeger waren dit de "indie games", maar inmiddels is die markt eigenlijk te groot geworden.) Ook hou ik vooral van spellen die je met meer spelers kunt spelen. Een zogenaamde "couch coop": samenwerken met je vrienden op de bank.</p><p>Jammer genoeg heb ik niet veel van mijn spellen afgemaakt. Ik heb veel hele leuke spelideeën, maar het geld ontbrak om verder dan een klein prototype te komen. (Ik kan niet eindeloos gratis spellen maken natuurlijk.)</p><p> Als u hulp nodig heeft bij de ontwikkeling van een spel&mdash;inspiratie, uitwerking van het idee, ontwerp, programmeren&mdash;mag u mij zeker inschakelen.</p>', 4),
(24, 'Overig', '<p>Op deze pagina vindt u al mijn programmeeractiviteiten die niet bij de andere subcategorieën pasten. (Denk aan: programma\'s of tools, simulaties, et cetera.)</p>', 4),
(25, 'Zoeken', '<p>Gebruik onderstaand tekstveld om naar iets te zoeken op deze website. (Druk op het blaadje om de zoekopdracht uit te voeren.)</p><p><input type="text" placeholder="uw zoekopdracht hier ..." id="bigSearch"/><button onclick="searchWebsite(\'bigSearch\')">Zoeken maar!</button></p>', 5);

--
-- Indexes for dumped tables
--

--
-- Indexes for table `categories`
--
ALTER TABLE `categories`
  ADD PRIMARY KEY (`id`);

--
-- Indexes for table `projects`
--
ALTER TABLE `projects`
  ADD PRIMARY KEY (`id`);
ALTER TABLE `projects` ADD FULLTEXT KEY `content` (`content`);

--
-- Indexes for table `subcategories`
--
ALTER TABLE `subcategories`
  ADD PRIMARY KEY (`id`);

--
-- AUTO_INCREMENT for dumped tables
--

--
-- AUTO_INCREMENT for table `categories`
--
ALTER TABLE `categories`
  MODIFY `id` int(11) NOT NULL AUTO_INCREMENT, AUTO_INCREMENT=6;
--
-- AUTO_INCREMENT for table `projects`
--
ALTER TABLE `projects`
  MODIFY `id` int(11) NOT NULL AUTO_INCREMENT, AUTO_INCREMENT=43;
--
-- AUTO_INCREMENT for table `subcategories`
--
ALTER TABLE `subcategories`
  MODIFY `id` int(11) NOT NULL AUTO_INCREMENT, AUTO_INCREMENT=26;
/*!40101 SET CHARACTER_SET_CLIENT=@OLD_CHARACTER_SET_CLIENT */;
/*!40101 SET CHARACTER_SET_RESULTS=@OLD_CHARACTER_SET_RESULTS */;
/*!40101 SET COLLATION_CONNECTION=@OLD_COLLATION_CONNECTION */;
